Year,Box Office Average per US Cinema (Opening Weekend),Number of Theatres in US Opening Weekend,Opening Weekend,Profitability,Worldwide Gross,Domestic Gross,Foreign Gross,Budget,Film ,Lead Studio,Rotten Tomatoes %,Audience  score %,Story,Genre,Oscar,Bafta
2011,9722,3917,38.08,181.60%,245.15,123.26,121.90,135,Rango,Paramount,88,69,Fish Out Of Water,Animation,,
2011,9715,3750,36.43,107.25%,174.82,100.24,74.58,163,Cowboys and Aliens,Universal,44,50,Monster Force,Action,,
2011,9335,3584,33.50,189.83%,227.80,98.80,129.00,120,The Green Hornet,Columbia,44,47,Rivalry,Action,,
2011,93230,4,0.37,169.70%,54.30,13.30,41.00,32,The Tree Of Life,Independant,84,61,Discovery,Drama,,
2011,9310,3040,28.30,598.97%,209.64,117.54,92.10,35,Horrible Bosses,Warner Bros,69,72,Revenge,Comedy,,
2011,8995,2918,26.25,887.33%,288.38,169.11,119.28,32.5,Bridesmaids,Relativity Media,90,77,Rivalry,Comedy,,
2011,8899,1277,11.36,,,,,,Hugo,Paramount,93,84,,Adventure,,
2011,8623,3952,34.08,218.76%,284.39,142.09,142.30,130,Puss In Boots,DreamWorks,83,76,Quest,Animation,,
2011,8601,3548,30.51,268.68%,214.95,103.03,111.92,80,Just Go With It,Happy Madison,19,63,Comedy,Romance,,
2011,8500,3440,29.24,160.95%,72.43,66.63,5.80,45,The Muppets,Disney,97,87,Quest,Comedy,,
2011,8469,2994,25.36,538.80%,193.97,99.97,94.00,36,Gnomeo and Juliet,Disney,56,52,Love,Animation,,
2011,7942,3440,27.32,245.28%,269.81,83.61,186.20,110,Real Steel,DreamWorks Pictures,58,81,Underdog,Action,,
2011,7500,3167,23.75,344.84%,72.42,52.70,19.72,21,Diary of a Wimpy Kid 2: Rodrick Rules,20th Century Fox,47,63,Comedy,Comedy,,
2011,7450,2840,21.16,254.72%,127.87,62.50,65.37,50.2,The Adjustment Bureau,Independant,72,67,Sacrifice,Thriller,,
2011,7273,3438,25.00,106.22%,83.91,68.91,15.00,79,Jack and Jill,Happy Madison,4,59,Comedy,Comedy,,
2011,7183,3043,21.86,435.95%,130.79,63.69,67.10,30,Unknown,Independant,55,57,The Riddle,Thriller,,
2011,7174,247,1.75,82.58%,8.26,5.31,2.95,10,My Week with Marilyn,The Weinstein Company,83,84,Love,Drama,,
2011,7135,3367,24.03,162.01%,121.50,74.50,47.00,75,Tower Heist,Relativity,68,61,Revenge,Comedy,,
2011,6935,3222,22.40,225.74%,135.44,75.64,59.80,60,Contagion,Warner Bros,84,63,The Riddle,Thriller,,
2011,6860,2756,18.91,599.44%,161.85,79.25,82.60,27,Limitless,Virgin,69,73,Wretched Excess,Thriller,,
2011,6516,2993,19.50,204.22%,102.11,74.21,27.90,50,Moneyball,Columbia,95,89,Underdog,Drama,,
2011,6512,3018,19.70,590.80%,147.70,70.60,77.10,25,No Strings Attached,Spyglass Entertainment,49,57,Comedy,Comedy,,
2011,6364,2926,18.62,427.26%,149.54,55.80,93.74,35,Friends With Benefits,Warner Bros,71,68,Temptation,Romance,,
2011,6326,3020,19.10,285.68%,142.84,84.34,58.50,50,"Crazy, Stupid, Love",Warner Bros,78,81,Discovery,Romance,,
2011,6284,3033,19.06,109.50%,89.79,36.39,53.40,82,Sucker Punch,Legendary Pictures,23,48,Quest,Action,,
2011,61777,944,5.83,818.69%,139.18,56.18,83.00,17,Midnight in Paris,Sony,93,84,Love,Romance,,
2011,6167,3154,19.45,240.83%,144.50,55.10,89.40,60,I Am Number Four,Paramount,32,57,Maturation,Thriller,,
2011,6111,106,0.60,32.00%,4.80,4.40,0.40,15,The Company Men,Weinstein Company,66,55,Discovery,Drama,,
2011,6060,2940,17.80,99.57%,69.70,48.50,21.20,70,The Dilemma,Spyglass Entertainment,23,31,Comedy,Comedy,,
2011,5979,2817,16.84,308.14%,117.09,58.71,58.39,38,Water For Elephants,20th Century Fox,60,72,Love,Drama,,
2011,5921,2534,15.00,253.08%,40.49,37.30,3.19,16,The Roommate,Independant,4,29,Monster Force,Horror,,
2011,5889,3606,21.24,78.89%,106.51,57.31,49.20,135,Happy Feet 2,Village Roadshow Pictures,41,59,Journey and Return,Animation,,
2011,5873,1910,11.22,100.16%,35.06,35.06,??,35,J.Edgar,Warner Bros,42,84,Wretched Excess,Drama,,
2011,5763,3482,20.07,212.88%,170.30,80.36,89.94,80,Zookeeper,Happy Madison Productions,14,42,Comedy,Comedy,,
2011,5715,3155,18.03,394.72%,157.89,42.59,115.30,40,Final Destination 5,New Line Cinema,61,56,Monster Force,Horror,,
2011,5656,3305,18.69,242.84%,97.14,38.18,58.96,40,Scream 4,Weinstein Company,58,57,Monster Force,Horror,,
2011,5524,3339,18.45,340.65%,187.36,68.22,119.14,55,Mr. Popper's Penguins,20th Century Fox,47,54,Discovery,Comedy,,
2011,5511,2408,13.27,6467.27%,97.01,54.01,43.00,1.5,Insidious,Sony,67,65,Monster Force,Horror,,
2011,5461,3507,19.15,237.69%,87.95,71.08,16.86,37,Dolphin Tale,Independant,84,81,Quest,Drama,,
2011,5427,1826,9.91,227.15%,45.43,31.18,14.25,20,The Debt,Universal,76,70,Pursuit,Thriller,,
2011,5047,1952,9.85,169.61%,28.83,27.87,0.97,17,Beastly,CBS Films,19,50,Metamorphosis,Romance,,
2011,5002,2961,14.81,385.24%,123.28,54.71,68.57,32,Source Code,Summit Entertainment,92,81,The Riddle,Thriller,,
2011,4960,707,3.51,56.84%,14.21,11.54,2.67,25,The Conspirator,Independant,56,65,Underdog,Drama,,
2011,4955,2985,14.80,259.46%,96.00,33.00,63.00,37,The Rite,Warner Bros,20,43,Monster Force,Horror,,
2011,4890,22,0.11,30.33%,6.37,0.97,5.40,21,The Beaver,Summit Entertainment,62,57,Transformation,Drama,,
2011,4880,2535,12.37,212.60%,63.78,40.26,23.52,30,Hanna,Universal,71,67,Quest,Action,,
2011,4879,2707,13.21,187.52%,75.01,58.01,17.00,40,The Lincoln Lawyer,Lionsgate,84,82,Fish Out Of Water,Drama,,
2011,4802,2904,13.95,171.95%,60.18,39.05,21.14,35,Something Borrowed,Independant,?,?,Love,Romance,,
2011,4789,2214,10.60,245.93%,44.27,43.85,0.41,18,Soul Surfer,Sony,46,79,Underdog,Drama,,
2011,4761,2199,15.56,258.55%,62.05,51.16,10.90,24,Footloose,Spyglass Entertainment,71,71,Transformation,Drama,,
2011,4761,2199,10.47,433.55%,54.19,40.49,13.70,12.5,The Ides of March,Columbia,85,76,Transformation,Thriller,,
2011,4655,2802,13.04,244.96%,97.98,37.41,60.57,40,Paul,Relativity,72,70,Comedy,Comedy,,
2011,4645,2913,13.53,136.22%,70.83,37.08,33.75,52,The Change Up,Relativity Media,24,53,Metamorphosis,Comedy,,
2011,4622,3030,14.01,212.29%,89.16,37.66,51.50,42,Red Riding Hood,Warner Bros,11,41,Monster Force,Horror,,
2011,4616,2888,13.33,144.81%,40.55,37.05,3.49,28,30 Minutes or Less,Independant,43,48,Comedy,Comedy,,
2011,4588,2950,13.54,231.00%,83.16,45.06,38.10,36,Hall Pass,Warner Bros,35,44,Temptation,Comedy,,
2011,4506,2875,12.95,179.18%,34.04,34.04,??,19,A Very Harold and Kumar Christmas,Lionsgate,72,71,Comedy,Comedy,,
2011,4405,2973,13.10,174.69%,52.41,35.61,16.80,30,Larry Crowne,Universal,34,46,Discovery,Drama,,
2011,4226,2703,11.40,128.00%,51.20,29.20,22.00,40,The Mechanic,Independant,53,52,Revenge,Action,,
2011,41038,29,4.38,122.71%,24.54,24.54,?,20,The Descendants,20th Century Fox,89,88,Discovery,Drama,,
2011,3982,2614,10.41,152.41%,60.97,36.67,24.30,40,Colombiana,Sony,28,55,Revenge,Action,,
2011,3929,2886,11.34,446.71%,67.01,34.68,32.33,15,Drive,Independant,93,79,Rivalry,Thriller,,
2011,38672,4375,169.19,1062.49%,"1,328.11",381.01,947.10,125,Harry Potter and the Deathly Hallows Part 2,Warner Bros,96,92,Rivalry,Fantasy,,
2011,3860,3122,12.05,318.48%,127.39,36.49,90.90,40,In Time,Regency Enterprises,38,55,The Riddle,Thriller,,
2011,3856,265,1.02,47.30%,14.19,4.46,9.73,30,Anonymous,Relativity Media,46,66,Tragedy,Drama,,
2011,3782,2296,8.68,108.48%,27.12,19.49,7.63,25,The Eagle,Universal,39,43,Quest,Action,,
2011,3769,2816,12.00,229.00%,91.60,24.80,66.80,40,Season Of The Witch,Relativity,10,32,Monster Force,Action,,
2011,3731,3276,12.22,114.34%,45.74,33.04,12.70,40,Arthur,Warner Bros,26,49,Sacrifice,Comedy,,
2011,3537,3376,12.07,60.80%,91.20,33.70,57.50,150,Arthur Christmas,Aardman Animations,92,82,Journey and Return,Animation,,
2011,3534,3295,11.64,274.37%,74.08,38.54,35.54,27,Spy Kids: All The Time in the World,Weinstein Company,22,40,Quest,Action,,
2011,3517,2458,8.64,456.39%,36.51,34.90,1.62,8,50/50,Independant,93,93,Discovery,Comedy,,
2011,3504,3118,10.93,234.48%,82.07,28.07,54.00,35,Abduction,Vertigo Entertainment,4,46,Maturation,Action,,
2011,34012,4061,138.12,577.09%,634.80,260.80,374.00,110,Twilight: Breaking Dawn,Independant,26,68,Love,Romance,,
2011,3390,2787,9.40,362.00%,108.60,23.20,85.40,30,Sanctum,Relativity Media,30,39,Quest,Action,,
2011,3380,2769,9.36,49.81%,24.86,21.60,3.26,49.9,Your Highness,Universal,26,36,Comedy,Comedy,,
2011,3324,3015,10.02,54.22%,48.80,21.30,27.50,90,Conan the Barbarian,Lionsgate,22,34,Quest,Action,,
2011,3267,2405,7.86,110.51%,33.15,26.69,6.46,30,Winnie The Pooh,Disney,91,79,Quest,Animation,,
2011,3132,2986,9.35,75.66%,52.96,25.12,27.84,70,Killer Elite,Independant,25,48,Rivalry,Action,,
2011,3089,2760,8.53,126.18%,31.55,24.05,7.50,25,Don't Be Afraid Of The Dark,Miramax Films,59,37,Monster Force,Horror,,
2011,3055,2661,8.13,77.00%,38.50,21.30,17.20,50,Dream House,Morgan Creek Productions,7,38,The Riddle,Horror,,
2011,3014,2473,7.45,198.32%,39.66,23.18,16.48,20,Monte Carlo,20th Century Fox,38,50,Love,Romance,,
2011,2995,2806,8.40,154.81%,38.70,18.88,19.83,25,Shark Night 3D,Relativity,16,25,Escape,Horror,,
2011,2972,3,0.01,0.50%,0.03,0.03,?,5,Waiting For Forever,Independant,6,53,Love,Romance,,
2011,2955,1719,5.08,368.27%,55.24,13.84,41.40,15,One Day,Independant,37,54,Love,Romance,,
2011,2875,3017,8.67,176.20%,132.15,20.25,111.90,75,The Three Musketeers,Independant,24,48,Rivalry,Action,,
2011,2835,2996,8.49,72.18%,27.43,16.93,10.50,38,The Thing,Universal,36,52,Monster Force,Horror,,
2011,2805,1869,5.24,92.23%,23.06,13.66,9.40,25,Warrior,Lionsgate,83,93,Rivalry,Action,,
2011,2744,2555,,496.32%,24.82,24.82,??,5,Our Idiot Brother,The Weinstein Company,68,79,Comedy,Comedy,,
2011,2615,3328,8.70,511.24%,25.56,17.69,7.88,5,Apollo 18,Weinstein Company,23,31,Monster Force,Horror,,
2011,2477,3114,7.71,123.67%,37.10,18.30,18.80,30,Fright Night,DreamWorks,75,68,Rivalry,Horror,,
2011,2470,1552,3.83,350.98%,157.94,8.31,149.63,45,Johnny English Reborn,Relativity Media,38,55,Comedy,Comedy,,
2011,23937,4088,97.85,576.00%,"1,123.20",352.39,770.81,195,Transformers: Dark of the Moon,DreamWorks Pictures,35,67,Quest,Action,,
2011,23775,3615,85.95,726.83%,581.46,254.46,327.00,80,The Hangover Part II,Legendary Pictures,35,58,Comedy,Comedy,,
2011,23655,3644,,5.01,626.13,209.83,416.3,125,Fast Five,Universal,78,83,Escape,Action,,
2011,2265,2990,5.19,64.29%,28.93,10.72,18.21,45,Drive Angry,Independant,45,38,Rescue,Action,,
2011,2259,2273,5.14,47.89%,21.55,13.07,8.48,45,The Rum Diary,Independant,50,48,Discovery,Drama,,
2011,2221,2864,14.95,130.51%,78.31,29.14,49.17,60,Priest,Sony,17,37,Monster Force,Action,,
2011,2218,3117,6.91,25.99%,38.99,21.39,17.60,150,Mars Needs Moms,Disney,36,43,Rescue,Animation,,
2011,21697,4155,90.15,417.55%,"1,043.87",241.07,802.80,250,"Pirates of the Caribbean:
On Stranger Tides",Disney,34,61,Quest,Action,,
2011,1806,3002,5.42,152.13%,30.43,14.01,16.42,20,What's Your Number,20th Century Fox,24,50,Transformation,Comedy,,
2011,17512,3715,65.06,263.15%,368.40,176.65,191.75,140,Captain America: The First Avenger,Disney,78,75,Metamorphosis,Action,,
2011,1730,2003,3.46,27.71%,6.93,6.93,?,25,Take Me Home Tonight,Relativity,28,46,Discovery,Comedy,,
2011,16618,3955,65.72,299.01%,448.51,181.03,267.48,150,Thor,Disney,77,80,Monster Force,Action,,
2011,16072,4115,66.14,275.93%,551.85,191.45,360.40,200,Cars 2,Pixar,38,56,Fish Out Of Water,Animation,,
2011,15829,3321,52.57,4037.94%,201.90,103.66,98.24,5,Paranormal Activity 3,Independant,68,58,Monster Force,Horror,,
2011,15134,3641,55.10,221.01%,353.62,146.41,207.22,160,X-Men: First Class,Disney,87,88,Monster Force,Action,,
2011,1513,2150,3.25,18.07%,7.41,7.17,0.24,41,The Big Year,Independant,38,62,Transformation,Comedy,,
2011,15024,3648,54.81,517.45%,481.23,176.70,304.52,93,Rise of the Planet of the Apes,20th Century Fox,83,87,Revenge,Action,,
2011,13935,3816,53.17,109.93%,219.85,116.60,103.25,200,Green Lantern,Warner Bros,27,48,Metamorphosis,Action,,
2011,12142,3925,47.66,442.02%,663.02,165.25,497.78,150,Kung Fu Panda 2,DreamWorks Animation,82,80,Rivalry,Animation,,
2011,10492,3379,35.45,519.43%,259.71,127.00,132.71,50,Super 8,Paramount,82,78,Monster Force,Horror,,
2011,10490,3579,37.54,291.99%,183.95,108.09,75.87,63,Hop,Relativity Media,26,50,Fish Out Of Water,Animation,,
2011,10489,3395,35.61,511.05%,562.16,142.61,419.54,110,The Smurfs,Sony Pictures Animation,23,50,Fish Out Of Water,Animation,,
2011,10411,3417,35.57,302.60%,211.82,83.55,128.27,70,Battle: Los Angeles,Relativity Media,35,50,Monster Force,Action,,
2011,10365,3049,31.60,1080.98%,216.20,100.29,115.90,20,Bad Teacher,Independant,44,38,Comedy,Comedy,,
2011,10349,3112,32.21,243.31%,182.49,80.49,102.00,75,Immortals,Relativity Media,36,59,Revenge,Action,,
2011,10278,2534,26.04,797.30%,199.32,169.22,30.10,25,The Help,DreamWorks Pictures,75,91,Maturation,Drama,,
2011,10252,3826,39.23,538.48%,484.63,143.62,341.02,90,Rio,20th Century Fox,71,73,Quest,Animation,,
2011,($),,($m),% of budget recovered,($m),($m),($m),($m),,,,,,,,
2011,,,?,27.60%,1.10,1.10,?,4,Red State,Independant,57,59,Escape,Horror,,
2011,,,8.60,1387.57%,41.63,,,3,Never Back Down 2: The Beatdown,Sony,?,?,Rivalry,Action,,
2011,,,0.79,54.22%,2.71,2.71,,5,Everything Must Go,Reliance Entertainment,74,53,Discovery,Drama,,
2011,,,0.75,23.17%,4.63,1.19,3.45,20,Dylan Dog: Dead of Night,Independant,6,28,Monster Force,Horror,,
2011,,,0.56,253.40%,8.87,4.94,3.93,3.5,Margin Call,Independant,86,73,Sacrifice,Thriller,,
2011,,,0.30,68.61%,6.86,6.86,,10,Cedar Rapids,20th Century Fox,86,61,Maturation,Comedy,,
2011,,,0.18,,30.15,11.24,18.91,??,Jane Eyre,Universal,85,77,Love,Romance,,
2011,,,0.17,44.86%,8.97,0.54,8.44,20,A Dangerous Method,Independant,79,89,Love,Drama,,
2011,,,0.14,443.19%,14.18,5.79,8.39,3.2,Beginners,Independant,84,80,Love,Comedy,,
2011,,,0.13,5.46%,0.38,0.38,??,7,Hesher,Independant,54,68,Wretched Excess,Drama,,
2011,,,0.08,660.50%,1.32,1.32,,0.2,Another Earth,Independant,63,74,Temptation,Fantasy,,
2011,,,0.05,31.46%,1.57,1.57,?,5,Take Shelter,Independant,92,85,Sacrifice,Drama,,
2011,,,0.05,3.68%,1.10,0.54,0.57,30,Machine Gun Preacher,Lionsgate,29,71,Transformation,Action,,
2011,,,0.02,8.93%,3.12,0.02,3.10,35,Trespass,Independant,11,24,Escape,Thriller,,
2011,,,0.02,0.20%,0.03,0.03,?,15,The Son Of No One,Independant,18,61,Discovery,Thriller,,
2011,,,0.00,10.67%,1.07,0.02,1.05,10,Vanishing on 7th Street,Independant,52,62,Monster Force,Horror,,
2010,9970,3612,36,266.82%,293.5,118.31,175.19,110,Salt,Sony,62,62,Revenge,Action,,
2010,9875,3332,32.9,330.46%,115.66,63.08,52.59,35,A Nightmare on Elm Street,Warner Bros.,13,40,Monster Force,Horror,,
2010,9770,3222,31.5,93.19%,139.79,61.98,77.81,150,The Wolfman,Universal,33,38,Monster Force,Drama,,
2010,9743,3944,46.02,247.60%,321.88,144.67,173.46,130,Megamind,Paramount,72,73,Transformation,Animation,,
2010,9743,3355,32.69,401.10%,200.55,99.65,100.9,50,Due Date,Warner Bros.,40,56,Comedy,Comedy,,
2010,9735,3651,35.5,170.27%,170.27,119.22,51.05,100,The Other Guys,Sony,78,57,Comedy,Action,,
2010,9308,3356,31.2,238.42%,226.5,88.77,137.73,95,Percy Jackson & the Olympians: The Lightning Thief,Fox,50,57,Rivalry,Action,,
2010,9298,2206,20.5,213.00%,68.16,57.74,10.42,32,Takers,Sony,27,57,Rivalry,Action,,
2010,9277,2669,24.8,316.85%,126.74,52,74.74,40,Predators,Fox,64,52,Monster Force,Action,,
2010,9115,11,0.103,919.00%,18.38,1.04,17.33,2,Buried,Independent,86,63,Escape,Drama,,
2010,8742,959,8.38,2533.77%,329.39,106.95,222.44,13,Black Swan,Fox,88,86,Wretched Excess,Drama,Best Actress,
2010,8720,3536,30.83,232.70%,232.7,123.69,109.01,100,Little Fockers,Independent,9,40,Comedy,Comedy,,
2010,8322,2856,23.8,390.68%,144.55,92.18,52.37,37,The Town,Warner Bros.,94,83,Rivalry,Crime,,
2010,8320,3203,26.7,493.70%,296.22,60.13,236.09,60,Resident Evil: Afterlife,Highlight Communications,24,53,Monster Force,Action,,
2010,8149,3047,24,660.34%,250.93,171,79,38,True Grit,Paramount,96,86,,,,
2010,8100,2771,22.4,399.20%,199.6,94.08,105.52,50,The Social Network,Sony,96,89,Rags to Riches,Biography,,
2010,8082,2911,23.5,125.23%,86.41,73.03,13.38,69,Dinner for Schmucks,Paramount,43,47,Comedy,Comedy,,
2010,8024,2808,22.53,612.55%,122.51,45.71,76.8,20,Saw 3-D,Independent,10,47,Escape,Crime,,
2010,"8,202","2,619",21,363.48%,152,67,85,55,Average,,49,57,,,,
2010,7497,3082,23.1,340.80%,204.48,80.57,123.91,60,Eat Pray Love,Sony,36,46,Journey and Return,Drama,,
2010,7471,3374,25.2,276.84%,152.26,98.71,53.55,55,Date Night,Fox,66,58,Pursuit,Comedy,,
2010,7262,3535,25.7,177.03%,177.03,77.22,99.81,100,The A-Team,Fox,47,71,Pursuit,Action,,
2010,7191,3077,22.1,504.67%,75.7,64,11.7,15,Diary of a Wimpy Kid,Independent,53,49,Underdog,Comedy,,
2010,7087,2874,20.4,3692.22%,66.46,41.03,25.42,1.8,The Last Exorcism,Independent,73,32,Monster Force,Drama,,
2010,7075,3207,22.69,146.02%,146.02,80.02,66,100,Unstoppable,Fox,86,73,Rescue,Action,,
2010,7069,2476,17.5,261.19%,67.91,40.17,27.74,26,Legion,Independent,19,36,Monster Force,Action,,
2010,6896,1936,13.4,213.59%,36.31,27.2,9.15,17,Brooklyn's Finest,Independent,42,47,Temptation,Action,,
2010,6752,3555,24,268.18%,415.68,104,311,155,The Chronicles of Narnia: The Voyage of the Dawn Treader,Fox,49,63,Quest,Adventure,,
2010,6729,3074,20.7,340.80%,136.32,67.06,69.26,40,The Bounty Hunter,Sony,7,41,Rivalry,Action,,
2010,6686,3255,21.8,283.48%,164.42,89.84,74.58,58,Red,Summit,71,72,Rivalry,Action,,
2010,6595,2459,16.2,233.57%,49.05,42.74,6.31,21,Death at a Funeral,Independent,40,48,Comedy,Comedy,,
2010,6515,2697,17.6,228.48%,91.39,60.97,30.42,40,Get Him to the Greek,Universal,73,63,Comedy,Comedy,,
2010,6501,3098,20.2,223.66%,261.68,76.42,185.26,117,Knight and Day,Fox,53,52,Pursuit,Action,,
2010,6494,2435,15.8,530.50%,159.15,42.4,116.75,30,Step Up 3D,Summit,46,67,Transformation,Drama,,
2010,6489,2476,16.07,272.95%,54.59,39.12,15.47,20,The Crazies,Liberty Starz,72,54,Monster Force,Horror,,
2010,6469,3065,19.8,320.43%,96.13,48.07,48.06,30,Kick-Ass,Independent,76,83,Rivalry,Action,,
2010,6406,700,4.4,1634.67%,245.2,,,15,The King's Speech,Independent,95,93,Maturation,Biography,"Best Picture, Director,  Actor, Orig. Screenplay",
2010,6209,2856,17.7,920.50%,73.64,58.4,15.24,8,Easy A,Sony,85,75,Maturation,Comedy,,
2010,6003,2523,15.1,257.10%,51.42,30.1,21.31,20,Daybreakers,Lionsgate,67,50,Discovery,Action,,
2010,5989,2673,16,445.20%,89.04,62.95,26.09,20,The Last Song,Disney,19,66,Discovery,Drama,,
2010,5977,2756,16,278.34%,278.34,67,210,100,The Tourist,Sony,20,44,,,,
2010,5615,3066,17.2,101.40%,81.12,43.31,37.81,80,Edge of Darkness,Warner Bros.,55,56,Revenge,Crime,,
2010,5539,2859,15.8,124.53%,93.4,47.06,46.34,75,Killers,Lionsgate,11,45,Love,Action,,
2010,5333,3565,19,186.61%,130.63,52.47,78.16,70,Wall Street: Money Never Sleeps,Independent,54,43,Rivalry,Drama,,
2010,5091,2754,14,178.94%,64.42,50.29,14.13,36,Hot Tub Time Machine,MGM,64,57,Journey and Return,Adventure,,
2010,5028,3504,17.6,143.52%,215.28,63.15,152.13,150,The Sorcerer's Apprentice,Disney,42,57,Pursuit,Action,,
2010,4994,2251,11.2,267.53%,40.13,33.860000000000000,6.26,15,All About Steve,Independent,6,35,Comedy,Comedy,,
2010,4848,2503,12,516.76%,129.19,93,35,25,The Fighter,Paramount,91,88,Underdog,Drama,"Sup. Actor, Sup. Actress",
2010,4765,3003,14.3,94.88%,94.88,35.05,59.82,100,Green Zone,Universal,53,60,Quest,Action,,
2010,4669,3515,16.4,251.98%,201.58,100,101,80,Yogi Bear,,14,36,,Comedy,,
2010,4668,2823,13.1,230.00%,46,35.61,10.39,20,The American,Universal,66,37,Rivalry,Crime,,
2010,4605,3150,14.5,253.05%,96.16,53.13,43.03,38,Life as We Know It,Independent,28,62,Love,Comedy,,
2010,4562,2968,13.5,263.93%,79.18,53.03,26.15,30,Letters to Juliet,Summit,40,62,Love,Comedy,,
2010,4555,2718,12.4,104.75%,46.09,31.16,14.93,44,Charlie St. Cloud,Universal,27,62,Discovery,Fantasy,,
2010,45429,4,0.18,141.71%,9.92,7.47,2.45,7,Cyrus,Independent,80,51,Rivalry,Comedy,,
2010,4507,3575,16.1,174.88%,139.9,55.64,84.26,80,Legend of the Guardians: The Owls of Ga'Hoole,Warner Bros.,51,65,Rivalry,Animation,,
2010,4375,2809,12.3,568.30%,56.83,33.6,23.23,10,Devil,Independent,52,45,Monster Force,Horror,,
2010,4276,2670,11,210.75%,42.15,26.59,15.55,20,Machete,Independent,73,66,Revenge,Action,,
2010,4193,2012,8.4,251.21%,47.73,27.78,19.95,19,The Switch,Independent,52,44,Comedy,Comedy,,
2010,4162,847,3.5,734.25%,29.37,20.81,8.55,4,The Kids Are All Right,Independent,94,72,Comedy,Comedy,,
2010,4092,2470,10.1,332.42%,79.78,25,54.78,24,Piranha 3-D,The Weinstein Company,74,45,Monster Force,Comedy,,
2010,4060,2880,11.69,552.60%,55.26,21.39,33.87,10,Skyline,Independent,16,19,Monster Force,Action,,
2010,3967,2455,9.74,181.77%,54.53,31.68,22.85,30,Love & Other Drugs,Fox,48,55,Love,Comedy,,
2010,3934,3037,11.95,101.96%,56.08,38.24,17.84,55,Burlesque,Paramount,36,66,Rags to Riches,Drama,,
2010,3873,2454,8.52,103.79%,24.91,22.94,1.97,24,Faster,CBS,41,50,Revenge,Action,,
2010,3774,3233,12.2,399.90%,79.98,36.66,43.32,20,Vampires Suck,Independent,4,32,Comedy,Comedy,,
2010,3765,2818,10.6,79.30%,47.58,31.52,16.05,60,Scott Pilgrim vs. the World,Universal,81,83,Underdog,Action,,
2010,3720,3280,12.2,220.29%,77.1,37.49,39.6,35,The Back-up Plan,CBS,20,47,Love,Comedy,,
2010,3678,1873,6.9,109.00%,19.62,15.28,4.34,18,Youth in Revolt,The Weinstein Company,68,52,Love,Comedy,,
2010,3665,2511,9.2,171.63%,32.61,25.9,6.69,19,Leap Year,Universal,21,49,Love,Comedy,,
2010,3657,2212,8,349.06%,55.85,19.07,36.79,16,Remember Me,Summit,28,70,Love,Drama,,
2010,3646,3646,30,167.58%,335.15,90.76,244.39,200,Prince of Persia: The Sands of Time,Disney,36,71,Rivalry,Action,,
2010,3610,3213,11.6,166.72%,83.36,33.64,49.71,50,Marmaduke,Fox,9,46,Rivalry,Comedy,,
2010,3469,2625,9.1,149.55%,29.91,25.12,4.8,20,Alpha and Omega,Crest,17,41,Journey and Return,Animation,,
2010,3445,3445,31,288.35%,288.35,95.35,193,100,Sex and the City 2,Warner Bros.,15,49,Love,Comedy,,
2010,3314,3705,12.3,132.33%,112.48,43.59,68.9,85,Cats & Dogs: The Revenge of Kitty Galore,Independent,13,43,Pursuit,Action,,
2010,3307,2956,9.8,244.05%,48.81,32.01,16.8,20,She's Out of My League,Paramount,57,60,Love,Comedy,,
2010,3300,2548,8.4,159.30%,31.86,25.7,6.16,20,You Again,Independent,18,45,Comedy,Comedy,,
2010,3300,244,0.8,46.80%,4.68,3.57,1.11,10,The Runaways,Independent,68,56,Maturation,Biography,,
2010,3204,2936,9.4,117.52%,29.38,23.59,5.79,25,The Losers,Warner Bros.,47,55,Revenge,Action,,
2010,31143,3728,116.1,512.20%,1024.39,334.19,690.2,200,Alice in Wonderland,Disney,52,72,Journey and Return,Adventure,,
2010,30307,4125,125,764.33%,955.41,295,660,125,Harry Potter and the Deathly Hallows Part 1,Warner Bros.,79,87,Quest,Adventure,,
2010,3020,2784,8.4,266.43%,93.25,29.01,64.23,35,Nanny McPhee Returns,Universal,77,54,Comedy,Comedy,,
2010,2997,2722,8.2,101.54%,52.8,24.08,28.72,52,From Paris with Love,Independent,38,57,Pursuit,Action,,
2010,29252,4380,128.1,311.05%,622.1,312.43,309.62,200,Iron Man 2,Paramount,74,80,Rivalry,Action,,
2010,27385,4028,110.3,531.58%,1063.16,415,648.16,200,Toy Story 3,Disney,99,91,Rescue,Animation,,
2010,2552,2564,6.54,139.17%,41.75,21.15,20.6,30,The Next Three Days,Lionsgate,51,66,Rescue,Crime,,
2010,2477,2546,6.3,211.95%,237.38,42,194,112,Gulliver's Travels,Fox,21,31,Journey and Return,Comedy,,
2010,2430,2521,6.1,57.53%,18.41,13.79,4.62,32,Repo Men,Universal,22,43,Rescue,Action,,
2010,2420,2211,5.4,108.42%,28.19,13.26,14.93,26,Case 39,Independent,23,42,Monster Force,Horror,,
2010,23734,4,0.09,33.73%,5.06,4.36,0.7,15,Solitary Man,Independent,81,47,Wretched Excess,Comedy,,
2010,2359,2549,6,48.81%,15.13,12.07,3.07,31,Extraordinary Measures,CBS,27,55,Underdog,Drama,,
2010,2333,916,0.26,337.39%,60.73,18.33,42.4,18,127 Hours,Independent,93,84,Escape,Adventure,,
2010,2272,3030,6.9,131.41%,42.05,17.8,24.25,32,Going the Distance,Warner Bros.,53,56,Love,Comedy,,
2010,2211,2997,6.6,102.77%,35.97,17.63,18.34,35,Furry Vengeance,Summit,8,36,Comedy,Comedy,,
2010,1904,2825,5.4,23.19%,10.9,10.55,0.36,47,Jonah Hex,Warner Bros.,13,24,Revenge,Action,,
2010,16557,3792,62.8,514.74%,823.58,292.58,531,160,Inception,Warner Bros.,86,93,Journey and Return,Action,,
2010,16343,3081,50.4,849.75%,169.95,117.19,52.76,20,Jackass 3-D,Paramount,63,72,Comedy,Documentary,,
2010,16251,4359,70.8,453.82%,748.8,238.74,510.06,165,Shrek Forever After,Paramount,57,64,Journey and Return,Animation,,
2010,16225,3476,56.4,785.33%,541.88,251.38,290.5,69,Despicable Me,Universal,81,81,Maturation,Animation,,
2010,16213,3777,61.2,394.57%,493.21,163.21,330,125,Clash of the Titans,Warner Bros.,28,48,Quest,Action,,
2010,1585,2551,4,93.20%,9.32,8.53,0.8,10,MacGruber,Independent,47,33,Comedy,Action,,
2010,15351,3655,56.2,416.33%,216.49,110.49,106,52,Valentine's Day,Warner Bros.,17,54,Love,Comedy,,
2010,15197,3663,55.7,897.83%,359.13,176.59,182.53,40,The Karate Kid,Sony,66,75,Underdog,Action,,
2010,14510,4468,64.8,1019.97%,693.58,300.53,393.05,68,The Twilight Saga: Eclipse,Summit,50,74,Monster Force,Drama,,
2010,13729,2991,41,368.50%,294.8,128.01,166.79,80,Shutter Island,Paramount,68,73,The Riddle,Drama,,
2010,13591,2155,29.3,303.35%,60.67,60.09,0.58,20,Why Did I Get Married Too?,Lionsgate,27,67,Comedy,Comedy,,
2010,13535,3603,48.77,136.57%,355.08,175.78,179.3,260,Tangled,Disney,89,88,Love,Animation,,
2010,12725,3169,40.3,212.75%,319.12,131.77,187.35,150,The Last Airbender,Paramount,6,42,Quest,Action,,
2010,12649,3216,40.67,5917.00%,177.51,84.75,92.75,3,Paranormal Activity 2,Paramount,,,Monster Force,Horror,,
2010,12628,6,0.075,38.18%,8.4,1.81,6.59,22,Stone,Independent,49,20,Rivalry,Drama,,
2010,12578,3451,44.03,171.42%,291.41,148.21,143.2,170,Tron: Legacy,Independent,50,67,Fish Out Of Water,Action,,
2010,11462,3534,40.5,334.25%,267.4,161.9,105.5,80,Grown Ups,Independent,10,59,Comedy,Comedy,,
2010,10785,4055,43.7,299.93%,494.88,217.58,277.3,165,How to Train Your Dragon,Paramount,98,90,Underdog,Animation,,
2010,10650,3270,34.8,334.72%,274.47,103.07,171.4,82,The Expendables,Independent,40,58,Pursuit,Action,,
2010,10540,3111,32.7,191.81%,153.45,94.84,58.62,80,The Book of Eli,Independent,48,68,Quest,Action,,
2010,10295,3503,36,160.84%,321.67,105.27,216.4,200,Robin Hood,Universal,42,59,Rivalry,Action,,
2010,10262,2969,30.4,459.92%,114.98,80.01,34.96,25,Dear John,Sony,29,66,Love,Drama,,
2010,($),,($m),% of budget recovered,($m),($m),($m),($m),,,,,,,,
2010,,?,0.8,390.00%,7.8,6.25,1.54,2,Winter's Bone,Independent,94,73,Quest,Drama,,
2010,,402,0.16,121.18%,26.66,3.24,23.42,22,You Will Meet a Tall Dark Stranger,Independent,43,35,Love,Comedy,,
2010,,4,2,133.38%,60.02,15.54,44.48,45,The Ghost Writer,Independent,83,68,The Riddle,Mystery,,
2010,,4,0.43,69.57%,4.87,1.11,3.76,7,Mother and Child,Independent,79,61,Transformation,Drama,,
2010,,2,0.032,131.00%,7.86,6.67,1.19,6,City Island,Independent,81,77,Transformation,Comedy,,
2010,,100,0.11,134.00%,20.1,1.44,18.66,15,I Love You Phillip Morris,Independent,71,57,Love,Comedy,,
2010,,,11.1,27.54%,3.58,0.22,3.36,13,The Killer Inside Me,Independent,56,41,The Riddle,Crime,,
2010,,,0.51,64.10%,6.41,1.48,0.49,10,The Joneses,Independent,61,47,Temptation,Comedy,,
2010,,,0.3,6.83%,0.41,0.11,0.3,6,The Greatest,Independent,52,39,Discovery,Drama,,
2009,9716,3119,30.3,2.13,212.70,124.900000000000000,87.80,100,Cloudy with a Chance of Meatballs,Sony,86,70,Comedy,Animation,,
2009,9579,2882,27.6,5.40,205.30,88.900000000000000,116.40,38,The Ugly Truth,Independent,14,68,Love,Comedy,,
2009,8782,3121,27.4,3.82,152.60,66.500000000000000,86.10,40,The Final Destination,Warner Bros.,29,52,Escape,Horror,,
2009,8754,3735,32.7,0.85,85.30,63.400000000000000,16.30,100,Where the Wild Things Are,Warner Bros.,73,59,Journey and Return,Adventure,,
2009,8405,2357,19.8,4.78,76.50,35.900000000000000,40.00,16,The Unborn,Relativity Media,11,39,Monster Force,Horror,,
2009,8159,3683,30.1,1.70,323.60,137.900000000000000,185.70,190,A Christmas Carol,Disney,52,72,Transformation,Animation,,
2009,8147,3036,24.7,3.95,93.30,49.200000000000000,42.50,23.6,Zombieland,Sony,90,87,Monster Force,Action,,
2009,7765,3183,24.7,9.07,226.80,145.000000000000000,81.80,25,Taken,Independent,58,83,Pursuit,Action,,
2009,7603,3074,4.7,1.36,150.00,65.500000000000000,84.60,110,The Taking of Pelham 1 2 3,Sony,51,60,Rescue,Action,,
2009,7329,2299,16.8,2.03,121.90,75.300000000000000,46.60,60,Coraline,Universal,89,77,Journey and Return,Animation,,
2009,7288,3255,23.7,6.82,136.30,64.200000000000000,72.10,20,17 Again,Independent,55,70,Maturation,Comedy,,
2009,7080,2942,20.8,2.60,91.10,37.000000000000000,50.80,35,Underworld: Rise of the Lycans,Sony,30,68,Rivalry,Action,,
2009,6635,2563,17,1.42,92.30,44.000000000000000,48.30,65,The Lovely Bones,Paramount,32,57,Tragedy,Drama,,
2009,6528,3226,21.1,3.82,114.70,100.400000000000000,13.40,30,Bride Wars,Fox,11,56,Comedy,Comedy,,
2009,6233,2988,18.6,2.04,79.70,40.600000000000000,37.60,39,The Time Traveler's Wife,Paramount,38,65,Love,Drama,,
2009,5947,1895,11.2,6.48,162.02,83.820000000000000,78.20,25,Up in the Air,Paramount,90,76,Maturation,Drama,,Adapted Screenplay
2009,5201,2443,12.7,2.01,48.20,32.400000000000000,15.80,24,The Men Who Stare at Goats,Independent,52,43,Comedy,Comedy,,
2009,4650,3036,14.1,4.48,49.30,31.800000000000000,17.00,11,Saw VI,Independent,40,67,Escape,Horror,,
2009,4577,817,3.8,7.81,58.60,48.300000000000000,9.30,7.5,(500) Days of Summer,Fox,87,81,Love,Comedy,,
2009,41890,6,0.3,2.93,20.50,9.200000000000000,7.10,7,A Serious Man,Universal,89,64,Love,Drama,,
2009,4048,3035,12.3,1.47,73.40,51.900000000000000,19.60,50,Planet 51,Independent,22,45,Comedy,Animation,,
2009,36338,4,0.14,1.21,18.10,14.700000000000000,3.40,15,The Hurt Locker,Independent,97,83,Quest,Drama,"Best Picture, Director, Original Screenplay","Film, Director, Original Screenplay"
2009,35497,4024,142.8,14.08,704.20,293.800000000000000,410.30,50,The Twilight Saga: New Moon,Summit,27,78,Love,Drama,,
2009,3426,2033,7,1.07,42.78,20.500000000000000,21.80,40,Fantastic Mr. Fox,Fox,93,80,Rivalry,Animation,,
2009,25736,4234,109,3.98,836.30,402.100000000000000,434.20,210,Transformers: Revenge of the Fallen,Paramount,20,76,Revenge,Action,,
2009,22313,3452,77,11.45,"2,712.85",743.800000000000000,"1,969.00",237,Avatar,Fox,83,92,Metamorphosis,Action,,
2009,20751,4099,85.1,2.49,373.10,179.900000000000000,193.20,150,X-Men Origins: Wolverine,Fox,37,72,Revenge,Action,,
2009,19539,3849,75.2,2.75,385.50,257.700000000000000,127.80,140,Star Trek,Paramount,94,91,Revenge,Action,,
2009,19165,3404,65.3,3.84,767.90,165.600000000000000,602.40,200,2012,Sony,39,63,Escape,Action,,
2009,18085,3766,68.1,4.15,727.10,293.000000000000000,434.00,175,Up,Disney,98,86,Journey and Return,Animation,Animated,Animated
2009,17183,3626,62.3,4.38,394.60,197.600000000000000,197.00,90,Sherlock Holmes,Warner Bros.,70,81,The Riddle,Action,,
2009,15291,3611,55.2,1.34,185.30,107.500000000000000,77.70,138,Watchmen,Warner Bros.,64,68,Sacrifice,Action,,
2009,13759,3269,45,13.35,467.30,277.300000000000000,190.00,35,The Hangover,Warner Bros.,79,87,Comedy,Comedy,,
2009,13534,111,1.5,0.57,14.30,7.900000000000000,6.50,25,The Road,The Weinstein Company,75,65,Quest,Adventure,,
2009,13210,3700,48.8,5.88,440.70,219.500000000000000,221.30,75,Alvin and the Chipmunks: The Squeakquel,Independent,21,59,Comedy,Animation,,
2009,13100,3527,46.2,3.24,485.90,133.400000000000000,352.60,150,Angels & Demons,Sony,36,65,The Riddle,Mystery,,
2009,12056,3530,42.6,1.86,372.00,125.300000000000000,246.70,200,Terminator Salvation,Independent,33,64,Monster Force,Action,,
2009,11429,3000,34.3,2.77,166.40,109.200000000000000,57.20,60,Couples Retreat,Universal,12,47,Comedy,Comedy,,
2009,11110,2756,30.6,3.11,130.80,60.100000000000000,70.70,42,Bruno,Universal,68,48,Comedy,Comedy,,
2009,11004,3056,33.6,7.87,314.70,164.000000000000000,150.70,40,The Proposal,Disney,43,74,Love,Comedy,,
2009,10971,3110,34.1,10.18,295.10,255.800000000000000,39.30,29,The Blind Side,Independent,65,90,Rags To Riches,Biography,Best Actress,
2009,10125,3144,31.8,7.05,183.30,80.000000000000000,103.30,26,Paul Blart: Mall Cop,Sony,33,50,Comedy,Action,,
2009,($),,($m),% of budget recovered,($m),($m),($m),($m),,,,,,,,
2009,,,,,,,,,Average,,,,,,,
2009,,,,,,,,,"420.00""",19.6,,,http://www.the-numbers.com/movies/records/allbudgets.php,,,
2008,9891,3911,38.7,2.88,230.50,130.32,100.37,80.0,Get Smart,Warner Bros.,51,73,Pursuit,Action,,
2008,9822,3030,30.1,9.59,103.60,56.75,57.12,10.8,Saw V,Independent,13,63,Monster Force,Crime,,
2008,9325,2976,27.75,8.67,572.20,143.76,465.71,66.0,Mamma Mia!,Universal,53,76,Love,Comedy,,
2008,9114,3215,29.3,5.80,116.00,93.12,54.76,20.0,Beverly Hills Chihuahua,Disney,41,56,Journey and Return,Adventure,,
2008,8987,2988,26.85,2.01,322.00,79.01,206.42,160.0,The Curious Case of Benjamin Button,Warner Bros.,73,81,love,Fantasy,,
2008,8562,3560,30.5,2.30,230.00,74.30,153.73,100.0,The Day the Earth Stood Still,Fox,19,34,Sacrifice,Thriller,,
2008,8515,2466,20.99,8.62,77.60,52.60,29.79,9.0,The Strangers,Relativity Media,44,48,Escape,Horror,,
2008,8397,2070,17.38,3.71,37.11,37.11,0.00,10.0,Tyler Perry's The Family That Preys,Independent,51,36,Discovery,Drama,,
2008,8305,3510,29.2,2.20,175.90,101.18,76.62,80.0,Eagle Eye,Paramount,27,72,pursuit,Action,,
2008,8148,839,6.84,66.90,33.45,33.45,0.02,0.5,Fireproof,Independent,40,51,love,Drama,,
2008,8004,2213,17.7,2.98,38.80,37.93,0.87,13.0,First Sunday,Independent,13,59,Comedy,Comedy,,
2008,7980,3428,27.4,2.69,222.20,80.17,142.06,82.5,Jumper,Fox,16,50,Rescue,Action,,
2008,7777,3319,25.81,2.09,188.00,110.46,77.58,90.0,Tropic Thunder,Paramount,83,69,fish out of water,Comedy,,
2008,7756,2711,21.03,2.45,184.00,60.69,117.20,75.0,Valkyrie,MGM,58,66,Sacrifice,Thriller,,
2008,7705,2700,20.81,3.18,57.20,43.87,,18.0,Prom Night,Independent,8,46,escape,Horror,,
2008,7655,2470,18.91,8.47,148.20,58.02,92.80,17.5,Step Up 2: The Streets,Disney,26,81,underdog,Drama,,
2008,7567,3072,23.2,3.90,101.50,87.34,14.28,26.0,Pineapple Express,Sony,68,74,Comedy,Action,,
2008,7526,3057,23.01,5.34,160.30,76.81,83.50,30.0,27 Dresses,Fox,40,71,Love,Comedy,,
2008,7477,2811,21.0,4.90,220.70,101.70,140.29,45.0,Journey to the Center of the Earth,Warner Bros.,61,55,Quest,Action,,
2008,7457,3681,27.5,1.07,85.40,85.35,102.77,80.0,Bedtime Stories,Disney,25,63,rivalry,Comedy,,
2008,7215,2651,19.13,4.18,154.80,60.36,103.36,37.0,Burn After Reading,Relativity Media,78,64,Comedy,Comedy,,
2008,7182,3651,26.2,1.93,289.30,109.90,195.93,150.0,Bolt,Disney,89,76,rescue,Animation,,
2008,7104,2605,18.51,2.82,84.60,38.23,46.41,30.0,Meet the Spartans,Independent,2,31,comedy,Comedy,,
2008,7035,1166,8.2,1.93,77.20,26.81,50.90,40.0,The Other Boleyn Girl,Independent,41,65,tragedy,Drama,,
2008,6909,3125,21.6,1.53,110.60,70.23,,72.5,Fool's Gold,Warner Bros.,11,53,Quest,Adventure,,
2008,6865,2792,19.17,2.38,66.70,66.69,25.09,28.0,Role Models,Universal,77,75,Discovery,Comedy,,
2008,6845,2543,17.41,0.91,63.90,60.32,3.70,70.0,Baby Mama,Independent,63,59,Discovery,Comedy,,
2008,6791,3151,21.4,2.34,128.80,52.08,75.90,55.0,The Forbidden Kingdom,Relativity Media,64,65,journey & return,Action,,
2008,6791,2798,17.73,3.49,104.80,62.93,42.00,30.0,Forgetting Sarah Marshall,Independent,85,75,maturation,Comedy,,
2008,6790,2387,16.21,1.58,43.40,42.19,,27.5,"Welcome Home, Roscoe Jenkins",Universal,24,64,discovery,Comedy,,
2008,6617,2751,18.2,2.38,113.20,42.75,,47.5,Rambo,Lionsgate,36,70,Rescue,Action,,
2008,6617,1591,10.53,3.44,37.80,37.43,2.18,11.0,The Secret Life of Bees,Fox,56,78,Maturation,Drama,,
2008,6274,3215,20.17,0.29,219.30,80.28,,150.0,What Happens in Vegas,Fox,28,72,Love,Comedy,,
2008,6090,2464,15.0,2.19,43.80,39.26,5.39,20.0,Lakeview Terrace,Sony,46,44,rivalry,Crime,,
2008,5939,2510,14.91,3.61,43.30,38.11,5.38,12.0,Harold and Kumar Escape from Guantanamo Bay,Warner Bros.,54,65,escape,Adventure,,
2008,5775,2461,14.2,3.10,37.20,31.69,,12.0,Quarantine,Sony,59,46,Monster Force,Horror,,
2008,5602,2642,14.8,1.66,129.40,46.69,161.80,78.0,Australia,Fox,55,69,Fish Out of Water,Adventure,,
2008,5427,692,3.76,4.83,77.20,22.84,,16.0,Vicky Cristina Barcelona,The Weinstein Company,82,73,temptation,Romance,,
2008,5407,2729,14.76,2.65,106.00,46.01,59.95,40.0,Made of Honor,Sony,13,61,Love,Comedy,,
2008,5318,3434,18.26,2.27,113.40,79.41,,50.0,Yes Man,Warner Bros.,43,72,Transformation,Comedy,,
2008,5225,3376,17.6,2.41,84.20,40.66,44.73,35.0,Max Payne,Fox,16,36,Revenge,Action,,
2008,5174,3606,18.6,0.78,93.40,43.95,50.00,120.0,Speed Racer,Warner Bros.,38,61,Quest,Action,,
2008,5101,2436,12.4,4.73,56.80,31.42,25.55,12.0,The Eye,Lionsgate,22,51,Sacrifice,Horror,,
2008,5054,2467,12.5,3.18,63.60,26.42,39.15,20.0,Street Kings,Fox,37,62,The Riddle,Action,,
2008,4985,2532,12.62,1.14,73.80,36.10,75.67,65.0,Death Race,Universal,42,69,escape,Action,,
2008,4940,3847,19.0,1.76,162.80,71.20,91.64,92.5,The Spiderwick Chronicles,Paramount,79,67,fish out of water,Fantasy,,
2008,4830,3121,15.08,16.88,43.90,33.48,10.41,2.6,Semi-Pro,Warner Bros.,21,41,underdog,Comedy,,
2008,4795,2368,11.4,1.50,52.50,28.69,23.97,35.0,Untraceable,Independent,14,56,riddle,Thriller,,
2008,4754,2710,12.9,0.26,17.50,39.19,75.70,67.5,Body of Lies,Warner Bros.,53,65,Temptation,Action,,
2008,4655,535,2.49,0.25,15.17,12.31,2.86,60.0,Miss Pettigrew Lives for a Day,Independent,78,70,Love,Comedy,,
2008,4594,2626,12.06,2.03,60.90,31.72,77.26,30.0,Transporter 3,Independent,36,58,escape,Action,,
2008,4580,2769,12.7,0.71,41.00,31.23,9.93,58.0,Leatherheads,Universal,52,41,Rivalry,Comedy,,
2008,4430,2204,9.76,7.86,55.00,32.01,23.20,7.0,"Definitely, Maybe",Universal,71,72,Discovery,Comedy,,
2008,4233,3452,14.6,7.72,65.60,35.16,33.12,8.5,Star Wars: The Clone Wars,Independent,19,46,sacrifice,Animation,,
2008,4190,2664,11.2,2.10,73.40,30.69,46.80,35.0,Mirrors,Independent,14,49,monster force,Horror,,
2008,40385,36,1.5,2.51,50.16,31.84,18.32,20.0,Milk,Universal,94,88,quest,Biography,"Best Actor, Original Screenplay",
2008,3831,2054,7.9,1.15,25.30,23.53,4.13,22.0,Traitor,Liberty Starz,55,66,Pursuit,Thriller,,
2008,3760,3513,13.2,2.70,99.90,48.01,52.07,37.0,Nim's Island,Independent,51,50,rescue,Adventure,,
2008,3702,1603,5.94,3.19,63.80,30.06,34.76,20.0,The Bank Job,Independent,78,74,Quest,Thriller,,
2008,3700,1106,4.09,1.66,11.65,9.51,2.14,7.0,Smart People,Independent,50,41,Transformation,Comedy,,
2008,3680,3735,10.07,1.53,36.60,31.30,,24.0,Zack and Miri Make a Porno,The Weinstein Company,64,70,Love,Romance,,
2008,36283,4366,158.4,5.39,996.90,530.92,468.58,185.0,The Dark Knight,Warner Bros.,94,96,Revenge,Thriller,Supporting Actor,Supporting Actor
2008,3528,1291,4.56,0.45,11.18,10.92,0.26,25.0,Stop-Loss,Paramount,65,27,Tragedy,Drama,,
2008,3415,2962,10.12,2.88,46.10,26.90,23.11,16.0,The Women,Warner Bros.,13,41,Transformation,Drama,,
2008,3373,3056,10.3,1.24,49.70,32.86,16.82,40.0,Drillbit Taylor,Paramount,26,49,Comedy,Comedy,,
2008,3330,1505,5.01,1.20,24.00,13.25,13.71,20.0,Ghost Town,Paramount,85,60,transformation,Comedy,,
2008,3255,3104,10.1,1.61,88.72,50.87,37.84,55.0,The Tale of Despereaux,Universal,54,46,Rescue,Animation,,
2008,3212,2960,9.51,1.09,71.10,25.87,45.35,65.0,Superhero Movie,The Weinstein Company,15,36,Comedy,Comedy,,
2008,3174,2604,8.27,1.81,36.20,19.22,22.40,20.0,My Best Friend's Girl,Lionsgate,14,51,Comedy,Comedy,,
2008,3147,3185,10.1,1.95,68.30,20.98,47.39,35.0,The X-Files: I Want to Believe,Fox,32,34,monster force,Thriller,,
2008,3132,2470,7.74,1.19,26.10,20.67,5.74,22.0,Mad Money,Independent,22,51,Comedy,Comedy,,
2008,2860,2511,7.18,1.72,63.80,30.11,34.73,37.0,Space Chimps,Independent*,36,37,Transformation,Animation,,
2008,2846,2812,8.0,0.90,22.60,17.43,5.30,25.0,The Ruins,Paramount,46,32,rescue,Horror,,
2008,2815,2213,6.23,1.67,33.40,16.29,1.34,20.0,Swing Vote,Disney,36,44,maturation,Comedy,,
2008,2643,2044,5.4,,12.33,12.08,0.25,0.0,Soul Men,The Weinstein Company,45,42,Comedy,Comedy,,
2008,2576,2509,6.5,3.58,21.50,17.75,19.23,6.0,The Spirit,Lionsgate,14,29,rivalry,Action,,
2008,2544,1936,4.9,0.65,21.60,11.01,11.20,33.0,Doomsday,Relativity Media,48,47,Quest,Action,,
2008,2423,2585,6.26,0.79,23.80,15.74,15.41,30.0,Pride & Glory,Warner Bros.,34,54,Temptation,Crime,,
2008,24024,4105,98.62,3.13,581.90,318.31,266.76,186.0,Iron Man,Paramount,94,91,Metamorphosis,Action,,
2008,23507,4260,100.1,4.25,786.60,317.02,469.53,185.0,Indiana Jones and the Kingdom of the Crystal Skull,Paramount,77,59,Pursuit,Action,,
2008,2209,2642,5.8,1.73,34.50,14.19,20.62,20.0,Disaster Movie,Lionsgate,2,28,Rescue,Comedy,,
2008,20368,3419,69.64,6.66,246.50,176.82,199.85,37.0,Twilight,Summit,49,82,Love,Romance,,
2008,19568,3451,67.5,2.47,567.00,166.80,,230.0,Quantum of Solace,MGM,64,62,Revenge,Action,,
2008,1953,2089,4.0,0.39,11.74,11.51,0.23,30.0,The Longshots,Independent,39,39,Quest,Comedy,,
2008,1744,3011,5.25,0.84,50.50,11.80,38.85,60.0,Meet Dave,Fox,19,42,Fish Out of Water,Adventure,,
2008,17363,3285,57.04,7.22,415.10,152.65,262.61,57.5,Sex and the City,Warner Bros.,49,81,love,Comedy,,
2008,1703,2508,4.3,0.27,8.19,8.05,0.15,30.0,Punisher: War Zone,Lionsgate,27,47,Revenge,Action,,
2008,1625,2808,4.56,0.26,9.81,9.79,0.01,37.5,The Express,Independent,62,73,Maturation,Biopic,,
2008,16040,3175,50.93,4.56,342.10,134.33,,75.0,Wanted,Universal,73,72,Transformation,Action,,
2008,15810,3505,55.14,1.91,262.50,134.53,128.62,137.5,The Incredible Hulk,Universal,67,75,Metamorphosis,Action,,
2008,15810,3505,13.91,0.66,40.80,32.20,8.63,62.0,The Love Guru,Paramount,14,38,Comedy,Comedy,,
2008,15803,3992,63.09,2.82,507.30,223.78,,180.0,WALL-E,Disney,96,89,love,Animation,Animated,Animated
2008,15789,3965,62.6,4.16,624.40,227.95,396.44,150.0,Hancock,Sony,40,67,Discovery,Action,,
2008,1559,4056,63.11,3.08,462.30,176.93,423.89,150.0,Madagascar: Escape 2 Africa,Paramount,64,73,Journey and Return,Animation,,
2008,1490,2421,3.61,0.55,10.41,8.40,2.01,19.0,Sex Drive,Summit,46,61,Journey and Return,Adventure,,
2008,14642,4114,60.24,3.16,631.90,215.43,416.31,200.0,Kung Fu Panda,Paramount,88,83,Underdog,Animation,,
2008,14007,3929,55.03,2.10,419.60,141.62,278.04,200.0,The Chronicles of Narnia: Prince Caspian,Disney,66,78,fish out of water,Action,,
2008,11744,3411,40.1,6.83,170.80,80.05,90.72,25.0,Cloverfield,Paramount,77,67,Monster Force,Action,,
2008,11601,3623,42.03,21.88,240.70,89.70,162.35,11.0,High School Musical 3: Senior Year,Disney,65,76,love,Comedy,,
2008,11384,3954,45.0,3.49,297.00,154.53,142.60,85.0,Dr. Seuss' Horton Hears a Who!,Fox,79,75,rescue,Animation,,
2008,11130,3462,38.53,2.52,201.80,100.02,,80.0,You Don't Mess with the Zohan,Sony,36,50,fish out of water,Comedy,,
2008,10780,3204,34.5,1.93,158.90,75.79,84.40,82.5,Hellboy II: The Golden Army,Universal,87,70,sacrifice,Action,,
2008,10518,3410,35.9,2.56,269.10,94.78,175.00,105.0,"10,000 B.C.",Warner Bros.,9,44,Rescue,Adventure,,
2008,10448,3480,36.36,2.03,111.80,106.51,99.56,55.0,Marley and Me,Fox,63,77,love,Comedy,,
2008,10011,2006,20.08,2.10,41.98,41.98,0.00,20.0,Tyler Perry's Meet the Browns,Independent,31,36,Discovery,Drama,,
2008,10000,3094,30.94,1.97,128.00,100.47,27.64,65.0,Step Brothers,Sony,54,68,Comedy,Comedy,,
2008,($),,,% of budget recovered,($m),($m),($m),,,,,,,,,
2008,,2339,7.8,0.92,27.60,19.44,11.22,30.0,Igor,Independent,36,42,Temptation,Animation,,
2008,,,31.07,1.87,149.60,118.25,43.58,80.0,Four Christmases,Warner Bros.,26,52,love,Comedy,,
2008,,,29.48,1.57,262.34,148.10,114.25,167.0,Gran Torino,Independent,80,90,Temptation,Drama,,
2008,,,19.6,3.36,124.34,59.62,75.72,50.19,Average,,46,,,,,
2008,,,9.4,1.22,66.90,35.69,77.28,55.0,Changeling,Independent,62,84,quest,Drama,,
2008,,,5.3,0.75,18.70,18.73,17.46,25.0,Doubt,Independent,78,75,riddle,Drama,,
2008,,,4.3,13.20,198.00,101.89,236.59,15.0,Slumdog Millionaire,Independent,94,90,Underdog,Crime,"Best Picture, Director, Adapted Screenplay","Best Film, Director, Adapted Screenplay"
2008,,,3.8,1.38,20.75,10.01,10.73,15.0,Penelope,Summit,52,74,love,Comedy,,
2008,,,3.3,2.54,34.30,13.85,29.46,13.5,The Duchess,Paramount,60,68,Love,Drama,,
2008,,,3.3,1.77,17.70,17.66,,10.0,Kit Kittredge: An American Girl,Warner Bros.,78,26,riddle,Drama,,
2008,,,3.13,0.31,11.78,7.84,3.94,38.0,City of Ember,Independent,52,48,escape,Adventure,,
2008,,,1.9,1.30,32.60,12.42,27.90,25.0,Fly Me to the Moon,Independent,18,26,Journey and Return,Animation,,
2008,,,1.03,2.64,33.00,8.70,31.37,12.5,The Boy in the Striped Pyjamas,Independent,63,84,Tragedy,Drama,,
2008,,,0.46,2.13,32.00,7.80,25.59,15.0,In Bruges,Independent,81,85,Fish Out of Water,Crime,,
2008,,,0.29,0.90,10.86,10.33,0.53,12.0,Rachel Getting Married,Independent,85,61,love,Drama,,
2008,,,0.09,4.52,18.08,9.43,8.65,4.0,The Visitor,Independent,92,83,Transformation,Drama,,
2007,9976,3183,31.7,1393.53%,139.35,63.30,76.05,10.00,Saw IV,Independent,18,70,Escape,Horror,,
2007,9795,3495,34.2,218.89%,186.05,120.06,65.99,85.00,I Now Pronounce You Chuck and Larry,Universal,13,73,Comedy,Comedy,,
2007,9791,3408,33.4,348.66%,383.53,134.53,249.00,110.00,Live Free or Die Hard,Fox,79,86,Rescue,Action,,
2007,9790,3372,33,238.87%,145.71,118.59,27.11,61.00,Blades of Glory,Paramount,69,66,Rivalry,Comedy,,
2007,9679,3928,38,191.42%,287.12,126.63,160.49,150.00,Bee Movie,Paramount,52,57,Journey and Return,Animation,,
2007,9233,3730,34.4,400.57%,340.49,127.81,212.68,85.00,Enchanted,Disney,93,80,Love,Comedy,,
2007,9042,860,7.8,644.00%,161.00,74.28,86.72,25.00,No Country for Old Men,Paramount,95,84,Pursuit,Drama,"Best Picture, Director, Supporting Actor, Adapted Screenplay","Supporting Actor, Director"
2007,8803,3121,27.5,270.06%,202.55,118.87,83.68,75.00,Hairspray,Warner Bros.,92,84,Underdog,Musical,,
2007,8726,3153,27.5,130.84%,196.26,82.20,114.07,150.00,Beowulf,Paramount,71,52,Journey and Return,Action,,
2007,8654,3604,31.2,99.08%,173.39,100.46,72.93,175.00,Evan Almighty,Universal,23,56,Comedy,Comedy,,
2007,7598,2925,22.2,588.80%,117.76,80.21,37.55,20.00,Disturbia,Paramount,67,75,Pursuit,Thriller,,
2007,7592,3472,26.4,392.35%,78.47,58.27,20.20,20.00,Halloween,The Weinstein Company,26,64,Pursuit,Horror,,
2007,7446,1249,9.3,305.05%,152.52,52.90,99.63,50.00,Sweeney Todd: The Demon Barber of Fleet Street,Warner Bros.,86,81,Revenge,Musical,,
2007,7396,3103,22.9,672.13%,147.87,90.64,57.23,22.00,The Game Plan,Disney,27,75,Discovery,Comedy,,
2007,7361,3413,25.1,169.33%,169.33,97.82,71.51,100.00,Meet the Robinsons,Disney,66,75,Quest,Animation,,
2007,7308,3528,25.7,206.80%,372.23,70.11,302.13,180.00,The Golden Compass,Warner Bros.,42,55,Rescue,Action,,
2007,6661,2911,19.4,387.36%,174.31,93.47,80.84,45.00,The Bucket List,Warner Bros.,41,81,discovery,Drama,,
2007,6644,2801,18.6,434.33%,86.87,39.74,47.13,20.00,Epic Movie,Independent,2,38,Comedy,Comedy,,
2007,6599,2218,14.6,335.91%,57.10,35.79,21.32,17.00,Smokin' Aces,Universal,27,64,Pursuit,Action,,
2007,6202,2831,17.6,419.98%,84.00,47.85,36.14,20.00,Premonition,Sony,8,55,The Riddle,Drama,,
2007,5671,2362,13.4,130.44%,84.79,33.08,51.71,65.00,Zodiac,Paramount,89,73,Pursuit,Thriller,,
2007,5587,2855,15.6,234.67%,75.10,39.57,35.53,32.00,30 Days of Night,Independent,50,,Monster Force,Horror,,
2007,5502,885,4.9,304.73%,76.18,40.22,35.96,25.00,There Will Be Blood,Paramount,91,84,Wretched Excess,Drama,Best Actor,Leading Actor
2007,5362,2458,13.2,571.22%,99.96,39.69,60.28,17.50,Hitman,Fox,15,61,Quest,Action,,
2007,5292,2652,14,139.56%,69.78,53.61,16.17,50.00,3:10 to Yuma,Lionsgate,88,85,sacrifice,Western,,
2007,5175,2806,14.5,156.88%,95.70,47.00,48.69,61.00,Shooter,Paramount,47,82,Pursuit,Action,,
2007,5128,702,3.6,397.42%,35.77,24.54,11.23,9.00,Sicko,The Weinstein Company,93,87,quest,Documentary,,
2007,5000,3528,17.6,175.35%,149.04,58.87,90.18,85.00,Surf's Up,Sony,78,64,Discovery,Animation,,
2007,4583,2362,10.8,261.08%,54.83,28.56,26.26,21.00,We Own the Night,Sony,55,63,Sacrifice,Drama,,
2007,4419,2624,11.6,47.97%,25.42,25.04,0.38,53.00,Grindhouse,The Weinstein Company,82,86,pursuit,Action,,
2007,4342,3229,14,212.94%,127.77,36.79,90.98,60.00,The Heartbreak Kid,Paramount,30,41,Love,Comedy,,
2007,4131,2511,10.4,371.97%,92.99,49.03,43.96,25.00,Michael Clayton,Independent,90,72,Transformation,Thriller,Supporting Actress,Supporting Actress
2007,4083,2453,10,240.61%,48.12,28.55,19.57,20.00,Mr. Brooks,MGM,56,75,Temptation,Thriller,,
2007,4009,954,3.8,65.26%,29.37,24.34,5.02,45.00,Across the Universe,Independent,54,84,Love,Romance,,
2007,4002,2604,10.4,198.02%,69.31,43.80,25.51,35.00,License to Wed,Warner Bros.,8,55,Love,Comedy,,
2007,3958,2447,9.7,249.77%,37.47,20.80,16.66,15.00,The Hills Have Eyes 2,Independent,11,50,Monster Force,Horror,,
2007,3853,2611,10,322.21%,128.88,41.80,87.09,40.00,Alien vs. Predator -- Requiem,Fox,14,37,Monster Force,Horror,,
2007,3750,2575,9.6,157.97%,118.48,66.66,51.81,75.00,Charlie Wilson's War,Universal,82,73,Discovery,Biography,,
2007,3686,2423,8.9,315.72%,56.83,25.59,31.24,18.00,The Mist,The Weinstein Company,72,64,Monster Force,Horror,,
2007,3610,2540,9.16,193.66%,135.56,38.63,96.92,70,Stardust,Paramount,76,86,Quest,Adventure,,
2007,35540,4252,151.1,345.30%,890.87,336.53,554.34,258.00,Spider-Man 3,Sony,61,54,Metamorphosis,Action,,
2007,3490,2350,8.2,356.20%,35.62,17.61,18.01,10.00,Hostel: Part II,Lionsgate,44,45,Escape,Horror,,
2007,3327,605,2,1108.97%,22.18,19.07,3.10,2.00,Waitress,Independent,89,67,Love,Romance,,
2007,3249,658,2.1,370.90%,55.63,18.35,37.28,15.00,Into the Wild,Paramount,82,90,quest,Drama,,
2007,3043,3164,6.9,275.79%,68.95,32.06,36.89,25.00,Mr. Magorium's Wonder Emporium,Independent,36,56,Transformation,Fantasy,,
2007,2980,2551,7.6,185.79%,35.30,19.36,15.94,19.00,Vacancy,Sony,55,46,Pursuit,Comedy,,
2007,29507,4122,121.6,499.35%,798.96,322.72,476.24,160.00,Shrek the Third,Paramount,42,57,Quest,Animation,,
2007,2845,2629,7.5,235.00%,47.00,25.93,21.07,20.00,The Nanny Diaries,The Weinstein Company,33,52,Discovery,Comedy,,
2007,2775,2381,6.6,81.03%,38.08,15.59,22.50,47.00,Happily N'Ever After,Lionsgate,4,43,Maturation,Animation,,
2007,2711,2108,5.7,68.51%,26.72,12.81,13.91,39.00,Shoot 'Em Up,Warner Bros.,67,66,Pursuit,Action,,
2007,2641,2454,6.5,510.31%,153.09,53.70,99.40,30.00,P.S. I Love You,Independent,21,82,Love,Romance,,
2007,26302,4362,114.7,320.33%,961.00,309.42,651.58,300.00,Pirates of the Caribbean: At World's End,Disney,45,74,Rescue,Action,,
2007,2617,2725,7.1,105.06%,73.54,18.21,55.33,70.00,Next,Paramount,29,59,Pursuit,Thriller,,
2007,2615,2612,6.9,153.33%,30.67,25.61,5.05,20.00,Nancy Drew,Independent,49,61,The Riddle,Thriller,,
2007,2523,698,1.8,199.53%,34.92,11.90,23.02,17.50,The Darjeeling Limited,Fox,67,79,Journey and Return,Drama,,
2007,22844,3103,70.9,701.64%,456.07,210.61,245.45,65.00,300,Warner Bros.,60,90,Sacrifice,Action,,
2007,2243,715,1.6,365.97%,73.19,15.80,57.39,20.00,The Kite Runner,Paramount,66,85,Maturation,Drama,,
2007,2213,2277,5,99.00%,74.25,10.98,63.27,75.00,Dragon Wars (aka D-War),Mediaplex,27,44,Monster Force,Action,,
2007,2186,2155,4.7,175.62%,17.56,11.05,6.51,10.00,In the Land of Women,Warner Bros.,43,72,Transformation,Comedy,,
2007,2143,2776,5.6,50.21%,40.17,15.07,25.10,80.00,The Invasion,Warner Bros.,19,43,Monster Force,Sci-Fi,,
2007,21411,3606,77.2,389.44%,584.16,256.39,327.76,150.00,I Am Legend,Warner Bros.,69,69,Quest,Thriller,,
2007,18929,3660,69.3,402.57%,442.82,227.47,215.35,110.00,The Bourne Ultimatum,Universal,93,91,Pursuit,Thriller,,
2007,18877,3922,74,702.76%,527.07,183.14,343.93,75.00,The Simpsons Movie,Fox,90,78,Maturation,Comedy,,
2007,17998,4285,77.1,626.59%,939.88,292,647.88,150,Harry Potter and the Order of the Phoenix,Warner Bros.,78,82,Quest,Adventure,,
2007,17577,4011,70.5,472.18%,708.27,319.25,389.03,150.00,Transformers,Paramount,57,89,Monster Force,Action,,
2007,1575,2650,4.8,58.79%,20.58,18.32,2.26,35.00,Walk Hard: The Dewey Cox Story,Sony,75,55,Comedy,Comedy,,
2007,14663,3959,58,222.34%,289.05,131.92,157.13,130.00,Fantastic Four: Rise of the Silver Surfer,Fox,35,55,Monster Force,Action,,
2007,1459,2332,3.4,303.29%,18.20,13.24,4.96,6.00,Daddy Day Camp,Sony,1,63,Comedy,Comedy,,
2007,14264,3054,43.6,267.90%,267.90,130.16,137.74,100.00,American Gangster,Universal,79,87,pursuit,Thriller,,
2007,12996,3778,49.1,184.30%,258.02,140.13,117.90,140.00,Rush Hour 3,Warner Bros.,20,68,Rescue,Action,,
2007,12750,3475,44.3,514.95%,360.47,217.33,143.14,70.00,Alvin and the Chipmunks,Fox,26,73,Comedy,Animation,,
2007,12541,3619,45.3,207.94%,228.74,115.80,112.94,110.00,Ghost Rider,Sony,28,56,Monster Force,Action,,
2007,12077,3287,39.7,281.81%,253.63,168.27,85.35,90.00,Wild Hogs,Disney,14,72,Transformation,Comedy,,
2007,11935,3940,47,414.28%,621.42,206.45,414.98,150.00,Ratatouille,Disney,97,84,Transformation,Animation,Animated,Animated
2007,11686,3832,44.8,351.82%,457.36,219.96,237.40,130.00,National Treasure: Book of Secrets,Disney,31,72,The Riddle,Thriller,,
2007,11211,2948,33,849.36%,169.87,121.46,48.41,20.00,Superbad,Sony,88,87,Comedy,Comedy,,
2007,10904,3136,34.2,265.52%,159.31,95.67,63.64,60.00,Norbit,Paramount,9,56,Comedy,Comedy,,
2007,10690,2871,30.7,663.64%,219.00,148.77,70.23,33.00,Knocked Up,Universal,91,83,Love,Comedy,,
2007,10645,2051,21.9,539.37%,75.51,61.36,14.15,14.00,Stomp the Yard,Independent,27,83,Maturation,Musical,,
2007,10618,2011,21.4,372.42%,55.86,55.20,0.66,15.00,Tyler Perry's Why Did I get Married,Independent,46,47,Love,Romance,,
2007,10436,1019,10.6,3082.46%,231.18,143.50,87.69,7.50,Juno,Fox,94,89,Maturation,Comedy,Original Screenplay,Original Screenplay
2007,10135,3565,36.1,366.25%,311.31,117.15,194.16,85.00,Ocean's 13,Warner Bros.,70,74,Revenge,Thriller,,
2007,($),,($m),% of budget recovered,($m),($m),($m),($m),,,,,,,,
2007,,,25.78,360.82%,191.47,86.10,105.38,62.93,Average,,51,,,,,
2007,,,13.6,364.74%,145.90,50.57,95.32,40.00,Music and Lyrics,Warner Bros.,63,70,Love,Romance,,
